,Date,sensor,value
1,06/02/21 11:43:22,Maximo,nan
2,06/02/21 11:43:22,Minimo,nan
3,06/02/21 11:43:22,Mediana,nan
4,06/02/21 11:43:22,Promedio,nan
5,06/02/21 11:43:22,Desviacion,nan
6,06/02/21 11:43:22,Varianza,nan
0,06/02/21 11:44:19,Temperatura,26.87703518471515
1,06/02/21 11:44:20,Temperatura,26.471464869423045
2,06/02/21 11:44:21,Temperatura,39.127018841601966
3,06/02/21 11:44:22,Temperatura,24.246990337383753
4,06/02/21 11:44:23,Temperatura,25.579026681946168
5,06/02/21 11:44:24,Temperatura,30.097756149786814
6,06/02/21 11:44:26,Temperatura,27.568423102383186
7,06/02/21 11:44:27,Temperatura,33.66854729885345
8,06/02/21 11:44:28,Temperatura,31.34268820763259
9,06/02/21 11:44:29,Temperatura,26.687221661501365
10,06/02/21 11:44:30,Temperatura,22.15030444122792
11,06/02/21 11:44:31,Temperatura,31.196386304428657
1,06/02/21 11:44:31,Maximo,39.127018841601966
2,06/02/21 11:44:31,Minimo,22.15030444122792
3,06/02/21 11:44:32,Mediana,27.222729143549167
4,06/02/21 11:44:32,Promedio,28.751071923407007
5,06/02/21 11:44:32,Desviacion,4.618509655001811
6,06/02/21 11:44:32,Varianza,21.330631433344948
12,06/02/21 11:44:32,Temperatura,29.838806520949223
13,06/02/21 11:44:33,Temperatura,34.00466685970418
14,06/02/21 11:44:34,Temperatura,32.48168985731236
15,06/02/21 11:44:35,Temperatura,25.607398905714412
16,06/02/21 11:44:36,Temperatura,37.91300402076603
17,06/02/21 11:44:37,Temperatura,26.435416887170042
18,06/02/21 11:44:38,Temperatura,38.57099743657582
19,06/02/21 11:44:39,Temperatura,20.184225105840426
20,06/02/21 11:44:40,Temperatura,31.170602862469828
21,06/02/21 11:44:41,Temperatura,33.228118662900236
22,06/02/21 11:44:42,Temperatura,29.932002356494984
23,06/02/21 11:44:43,Temperatura,28.34498366679029
1,06/02/21 11:44:44,Maximo,39.127018841601966
2,06/02/21 11:44:44,Minimo,20.184225105840422
3,06/02/21 11:44:44,Mediana,29.885404438722105
4,06/02/21 11:44:44,Promedio,29.696865675982163
5,06/02/21 11:44:44,Desviacion,4.900463970337372
6,06/02/21 11:44:44,Varianza,24.01454712457472
24,06/02/21 11:44:44,Temperatura,22.837277485539182
25,06/02/21 11:44:45,Temperatura,22.14426286510017
26,06/02/21 11:44:46,Temperatura,22.59346593375327
27,06/02/21 11:44:48,Temperatura,25.224165985872677
28,06/02/21 11:44:49,Temperatura,28.813996684879026
29,06/02/21 11:44:50,Temperatura,28.56443947080914
30,06/02/21 11:44:51,Temperatura,21.88426920461636
31,06/02/21 11:44:52,Temperatura,35.7913893462295
32,06/02/21 11:44:53,Temperatura,35.01813553698555
33,06/02/21 11:44:54,Temperatura,28.517161737484376
34,06/02/21 11:44:55,Temperatura,23.76929378485847
35,06/02/21 11:44:56,Temperatura,26.67425474865189
36,06/02/21 11:44:57,Temperatura,28.977131425996856
37,06/02/21 11:44:58,Temperatura,28.63944914273531
38,06/02/21 11:44:59,Temperatura,31.662274881691463
39,06/02/21 11:45:00,Temperatura,27.63681219229667
1,06/02/21 11:45:01,Maximo,39.127018841601966
2,06/02/21 11:45:01,Minimo,20.184225105840422
3,06/02/21 11:45:01,Mediana,28.54080060414676
4,06/02/21 11:45:01,Promedio,28.7868139162768
5,06/02/21 11:45:01,Desviacion,4.744038999335513
6,06/02/21 11:45:01,Varianza,22.505906027216295
40,06/02/21 11:45:01,Temperatura,29.73741052159091
41,06/02/21 11:45:02,Temperatura,32.36953209634666
42,06/02/21 11:45:03,Temperatura,25.57958154750986
43,06/02/21 11:45:04,Temperatura,26.579999975952045
44,06/02/21 11:45:05,Temperatura,36.683190230711915
45,06/02/21 11:45:06,Temperatura,33.09999838291307
46,06/02/21 11:45:07,Temperatura,25.445937960350143
1,06/02/21 11:45:07,Maximo,39.127018841601966
2,06/02/21 11:45:07,Minimo,20.184225105840422
3,06/02/21 11:45:07,Mediana,28.56443947080914
4,06/02/21 11:45:07,Promedio,28.956770369498862
5,06/02/21 11:45:07,Desviacion,4.656427005024133
6,06/02/21 11:45:07,Varianza,21.68231245311802
47,06/02/21 11:45:08,Temperatura,32.23181496817644
48,06/02/21 11:45:09,Temperatura,29.938805312958884
49,06/02/21 11:45:10,Temperatura,23.69301588133743
50,06/02/21 11:45:11,Temperatura,30.01571932953197
1,06/02/21 11:45:12,Maximo,39.127018841601966
2,06/02/21 11:45:12,Minimo,20.184225105840422
3,06/02/21 11:45:12,Mediana,28.63944914273531
4,06/02/21 11:45:12,Promedio,28.95779535016571
51,06/02/21 11:45:12,Temperatura,29.354091474756736
5,06/02/21 11:45:12,Desviacion,4.556106041849056
6,06/02/21 11:45:12,Varianza,20.758102264573477
52,06/02/21 11:45:13,Temperatura,23.597104836132687
53,06/02/21 11:45:14,Temperatura,36.94315146746993
54,06/02/21 11:45:15,Temperatura,24.45031399228082
1,06/02/21 11:45:16,Maximo,39.127018841601966
2,06/02/21 11:45:16,Minimo,20.184225105840422
3,06/02/21 11:45:16,Mediana,28.63944914273531
4,06/02/21 11:45:16,Promedio,28.93076772052894
5,06/02/21 11:45:16,Desviacion,4.61648072237677
6,06/02/21 11:45:16,Varianza,21.311894260076347
55,06/02/21 11:45:16,Temperatura,27.898929682838975
56,06/02/21 11:45:17,Temperatura,32.49551044482909
57,06/02/21 11:45:19,Temperatura,22.43781831619814
1,06/02/21 11:45:20,Maximo,39.127018841601966
58,06/02/21 11:45:20,Temperatura,33.915175528586545
2,06/02/21 11:45:20,Minimo,20.184225105840422
3,06/02/21 11:45:20,Mediana,28.601944306772225
4,06/02/21 11:45:20,Promedio,28.862491087464786
5,06/02/21 11:45:20,Desviacion,4.600729125886895
6,06/02/21 11:45:20,Varianza,21.166708489783993
59,06/02/21 11:45:21,Temperatura,32.47979224214352
60,06/02/21 11:45:22,Temperatura,34.03788753066277
1,06/02/21 11:45:22,Maximo,39.127018841601966
2,06/02/21 11:45:22,Minimo,20.184225105840422
3,06/02/21 11:45:22,Mediana,28.813996684879022
4,06/02/21 11:45:22,Promedio,29.089464563513943
5,06/02/21 11:45:22,Desviacion,4.5984763155465025
6,06/02/21 11:45:22,Varianza,21.145984424642133
61,06/02/21 11:45:23,Temperatura,26.419931004114584
62,06/02/21 11:45:24,Temperatura,28.484774755344212
63,06/02/21 11:45:25,Temperatura,30.490101872427875
64,06/02/21 11:45:26,Temperatura,29.715069188675727
65,06/02/21 11:45:27,Temperatura,33.320056353863144
1,06/02/21 11:45:27,Maximo,39.127018841601966
2,06/02/21 11:45:27,Minimo,20.184225105840422
3,06/02/21 11:45:27,Mediana,28.895564055437937
4,06/02/21 11:45:27,Promedio,29.134655629526904
5,06/02/21 11:45:27,Desviacion,4.465883339687819
6,06/02/21 11:45:27,Varianza,19.94411400370123
66,06/02/21 11:45:28,Temperatura,33.60486855642469
67,06/02/21 11:45:29,Temperatura,35.28497251905122
68,06/02/21 11:45:30,Temperatura,35.96337451393775
69,06/02/21 11:45:31,Temperatura,24.157360626431263
70,06/02/21 11:45:32,Temperatura,28.731900020730755
1,06/02/21 11:45:32,Maximo,39.127018841601966
2,06/02/21 11:45:32,Minimo,20.184225105840422
3,06/02/21 11:45:32,Mediana,28.977131425996856
4,06/02/21 11:45:32,Promedio,29.304644335004948
5,06/02/21 11:45:32,Desviacion,4.509817962061411
6,06/02/21 11:45:32,Varianza,20.338458050931738
71,06/02/21 11:45:33,Temperatura,26.26450887326159
72,06/02/21 11:45:34,Temperatura,30.536688632507698
73,06/02/21 11:45:35,Temperatura,32.78398502328554
74,06/02/21 11:45:36,Temperatura,28.777816170389304
1,06/02/21 11:45:37,Maximo,39.127018841601966
2,06/02/21 11:45:37,Minimo,20.184225105840422
3,06/02/21 11:45:37,Mediana,28.977131425996856
4,06/02/21 11:45:37,Promedio,29.319903286463934
5,06/02/21 11:45:37,Desviacion,4.42171899618751
6,06/02/21 11:45:37,Varianza,19.55159888124548
75,06/02/21 11:45:37,Temperatura,24.0397579479695
1,06/02/21 11:45:38,Maximo,39.127018841601966
2,06/02/21 11:45:38,Minimo,20.184225105840422
3,06/02/21 11:45:38,Mediana,28.895564055437937
4,06/02/21 11:45:38,Promedio,29.250427689904797
5,06/02/21 11:45:38,Desviacion,4.433706366401936
6,06/02/21 11:45:38,Varianza,19.657752143473058
76,06/02/21 11:45:38,Temperatura,31.484286530528696
1,06/02/21 11:45:39,Maximo,39.127018841601966
2,06/02/21 11:45:39,Minimo,20.184225105840422
3,06/02/21 11:45:39,Mediana,28.977131425996856
4,06/02/21 11:45:39,Promedio,29.279438843679134
5,06/02/21 11:45:39,Desviacion,4.411791510525152
6,06/02/21 11:45:39,Varianza,19.4639043323418
77,06/02/21 11:45:39,Temperatura,22.46567046609788
1,06/02/21 11:45:40,Maximo,39.127018841601966
2,06/02/21 11:45:40,Minimo,20.184225105840422
3,06/02/21 11:45:40,Mediana,28.895564055437937
4,06/02/21 11:45:40,Promedio,29.19208283883835
5,06/02/21 11:45:40,Desviacion,4.450432556210203
6,06/02/21 11:45:40,Varianza,19.806349937375682
78,06/02/21 11:45:40,Temperatura,27.503048202769687
1,06/02/21 11:45:40,Maximo,39.127018841601966
2,06/02/21 11:45:40,Minimo,20.184225105840422
3,06/02/21 11:45:40,Mediana,28.813996684879022
4,06/02/21 11:45:40,Promedio,29.170702653571656
5,06/02/21 11:45:41,Desviacion,4.42589361005402
6,06/02/21 11:45:41,Varianza,19.588534247517003
79,06/02/21 11:45:41,Temperatura,22.9579801903801
80,06/02/21 11:45:42,Temperatura,32.62023339106298
81,06/02/21 11:45:43,Temperatura,17.089561581525114
82,06/02/21 11:45:44,Temperatura,33.35718428037584
83,06/02/21 11:45:45,Temperatura,34.06876855241201
84,06/02/21 11:45:46,Temperatura,32.34576502146297
85,06/02/21 11:45:47,Temperatura,28.85049259931359
86,06/02/21 11:45:48,Temperatura,31.518102491753123
87,06/02/21 11:45:50,Temperatura,39.42671586860366
88,06/02/21 11:45:51,Temperatura,31.931608874235142
89,06/02/21 11:45:52,Temperatura,26.292472067542974
90,06/02/21 11:45:53,Temperatura,33.97830718148938
91,06/02/21 11:45:54,Temperatura,28.796458545495984
92,06/02/21 11:45:55,Temperatura,26.71221150491665
93,06/02/21 11:45:56,Temperatura,35.315770300837926
94,06/02/21 11:45:57,Temperatura,25.53459058430179
95,06/02/21 11:45:58,Temperatura,31.73513877305725
96,06/02/21 11:45:59,Temperatura,30.478005323584306
97,06/02/21 11:46:00,Temperatura,35.9686039018112
98,06/02/21 11:46:01,Temperatura,32.38975720297565
99,06/02/21 11:46:02,Temperatura,30.71175213073561
100,06/02/21 11:46:03,Temperatura,33.4726500976266
101,06/02/21 11:46:04,Temperatura,30.816203453080846
102,06/02/21 11:46:05,Temperatura,22.807298598123964
103,06/02/21 11:46:06,Temperatura,38.18167486078758
104,06/02/21 11:46:07,Temperatura,28.79127462920481
105,06/02/21 11:46:08,Temperatura,24.87518305537011
106,06/02/21 11:46:09,Temperatura,34.319380971127885
107,06/02/21 11:46:10,Temperatura,28.965511653019554
108,06/02/21 11:46:11,Temperatura,30.228332784348815
109,06/02/21 11:46:12,Temperatura,31.551834200335495
110,06/02/21 11:46:13,Temperatura,31.872736174296787
111,06/02/21 11:46:14,Temperatura,20.828967582901825
112,06/02/21 11:46:15,Temperatura,37.43047241018628
113,06/02/21 11:46:16,Temperatura,25.877934075714073
114,06/02/21 11:46:17,Temperatura,26.377493519103865
115,06/02/21 11:46:18,Temperatura,33.729655572316126
116,06/02/21 11:46:19,Temperatura,35.18604398945459
117,06/02/21 11:46:20,Temperatura,29.52775502231343
118,06/02/21 11:46:21,Temperatura,30.94122376704837
119,06/02/21 11:46:22,Temperatura,41.03998366591498
120,06/02/21 11:46:24,Temperatura,29.241742884922797
121,06/02/21 11:46:25,Temperatura,27.63827455675746
122,06/02/21 11:46:26,Temperatura,21.860876346944202
123,06/02/21 11:46:27,Temperatura,26.30668856217997
124,06/02/21 11:46:28,Temperatura,22.12335550075136
125,06/02/21 11:46:29,Temperatura,29.045474244969295
126,06/02/21 11:46:30,Temperatura,23.196465428159538
127,06/02/21 11:46:31,Temperatura,29.72790551513856
128,06/02/21 11:46:32,Temperatura,21.514278538658818
129,06/02/21 11:46:33,Temperatura,31.9451556747384
130,06/02/21 11:46:34,Temperatura,30.499566835668364
131,06/02/21 11:46:35,Temperatura,25.202311696769716
132,06/02/21 11:46:36,Temperatura,39.58862404462725
133,06/02/21 11:46:37,Temperatura,27.47061189095728
134,06/02/21 11:46:38,Temperatura,30.263060955558696
135,06/02/21 11:46:39,Temperatura,34.92833950729971
136,06/02/21 11:46:40,Temperatura,33.757129809793945
137,06/02/21 11:46:41,Temperatura,40.272071529126016
138,06/02/21 11:46:42,Temperatura,31.140402644579005
139,06/02/21 11:46:43,Temperatura,33.14439998693783
140,06/02/21 11:46:44,Temperatura,33.69762003048651
141,06/02/21 11:46:45,Temperatura,39.82213624100886
142,06/02/21 11:46:46,Temperatura,31.65621737303823
143,06/02/21 11:46:47,Temperatura,29.039145150253027
144,06/02/21 11:46:48,Temperatura,35.394571356468795
145,06/02/21 11:46:49,Temperatura,40.22319913716468
146,06/02/21 11:46:50,Temperatura,24.897172598531014
147,06/02/21 11:46:51,Temperatura,29.424966743842585
148,06/02/21 11:46:52,Temperatura,30.245635126878465
149,06/02/21 11:46:53,Temperatura,21.503283647519915
150,06/02/21 11:46:54,Temperatura,24.411607290537198
151,06/02/21 11:46:55,Temperatura,16.927935498362046
152,06/02/21 11:46:57,Temperatura,30.331613180543346
153,06/02/21 11:46:58,Temperatura,29.173121009962532
154,06/02/21 11:46:59,Temperatura,34.92140608429482
155,06/02/21 11:47:00,Temperatura,29.927636200348847
156,06/02/21 11:47:01,Temperatura,29.869090044046207
157,06/02/21 11:47:02,Temperatura,30.616660741626323
158,06/02/21 11:47:03,Temperatura,25.26288092640256
159,06/02/21 11:47:04,Temperatura,29.00826633431766
160,06/02/21 11:47:05,Temperatura,30.93108848237834
161,06/02/21 11:47:06,Temperatura,21.059417747097477
162,06/02/21 11:47:07,Temperatura,35.27726983483879
163,06/02/21 11:47:08,Temperatura,18.40977838655631
164,06/02/21 11:47:09,Temperatura,23.23330552011926
165,06/02/21 11:47:10,Temperatura,28.24760524070552
166,06/02/21 11:47:11,Temperatura,29.607316310758318
167,06/02/21 11:47:12,Temperatura,35.70791252687601
168,06/02/21 11:47:13,Temperatura,29.581766236800828
169,06/02/21 11:47:14,Temperatura,34.118717272661954
170,06/02/21 11:47:15,Temperatura,34.456030672710945
171,06/02/21 11:47:16,Temperatura,23.26125970261087
172,06/02/21 11:47:17,Temperatura,24.884156987942884
173,06/02/21 11:47:18,Temperatura,29.039623081136646
174,06/02/21 11:47:19,Temperatura,31.177856871752855
175,06/02/21 11:47:20,Temperatura,22.157021716334658
176,06/02/21 11:47:21,Temperatura,25.469670356482577
177,06/02/21 11:47:22,Temperatura,32.81749922091381
178,06/02/21 11:47:23,Temperatura,32.18493334933457
179,06/02/21 11:47:24,Temperatura,36.03426309475809
180,06/02/21 11:47:25,Temperatura,24.435271280683082
181,06/02/21 11:47:26,Temperatura,30.387594180619768
182,06/02/21 11:47:27,Temperatura,30.808972101323356
183,06/02/21 11:47:28,Temperatura,35.85917953254942
184,06/02/21 11:47:30,Temperatura,34.99025972170116
185,06/02/21 11:47:31,Temperatura,24.726772943485713
186,06/02/21 11:47:32,Temperatura,44.120824800348004
187,06/02/21 11:47:33,Temperatura,27.644315251424445
188,06/02/21 11:47:34,Temperatura,30.197096327050126
189,06/02/21 11:47:35,Temperatura,29.448496603693126
190,06/02/21 11:47:36,Temperatura,27.508213833662687
191,06/02/21 11:47:37,Temperatura,35.46786283351804
192,06/02/21 11:47:38,Temperatura,21.68559923364449
193,06/02/21 11:47:39,Temperatura,40.29978411028126
194,06/02/21 11:47:40,Temperatura,14.955415202685332
195,06/02/21 11:47:41,Temperatura,36.33219402970693
196,06/02/21 11:47:42,Temperatura,28.850045279208757
197,06/02/21 11:47:43,Temperatura,24.655979815191227
198,06/02/21 11:47:44,Temperatura,34.23440213753986
199,06/02/21 11:47:45,Temperatura,35.921521874339255
200,06/02/21 11:47:46,Temperatura,27.775782788784
201,06/02/21 11:47:47,Temperatura,28.859383685108572
202,06/02/21 11:47:48,Temperatura,33.14692368104496
203,06/02/21 11:47:49,Temperatura,30.83809879336242
204,06/02/21 11:47:50,Temperatura,28.296739323998914
205,06/02/21 11:47:51,Temperatura,25.579867453758602
206,06/02/21 11:47:52,Temperatura,25.833595433841914
207,06/02/21 11:47:53,Temperatura,38.338641866141145
208,06/02/21 11:47:54,Temperatura,30.49069770858774
209,06/02/21 11:47:55,Temperatura,35.16985509109353
210,06/02/21 11:47:56,Temperatura,36.17600186163804
211,06/02/21 11:47:57,Temperatura,31.909923004492075
212,06/02/21 11:47:58,Temperatura,24.944685373445324
213,06/02/21 11:47:59,Temperatura,35.743692312646154
214,06/02/21 11:48:00,Temperatura,34.35736369252851
215,06/02/21 11:48:02,Temperatura,29.90504672858193
216,06/02/21 11:48:03,Temperatura,33.411850707990084
217,06/02/21 11:48:04,Temperatura,33.78923713616922
218,06/02/21 11:48:05,Temperatura,27.567931728525508
219,06/02/21 11:48:06,Temperatura,29.39367287065509
220,06/02/21 11:48:07,Temperatura,22.10424569555967
221,06/02/21 11:48:08,Temperatura,30.701314406909916
222,06/02/21 11:48:09,Temperatura,35.178389307410136
223,06/02/21 11:48:10,Temperatura,36.735429920394026
224,06/02/21 11:48:11,Temperatura,39.35251042410718
225,06/02/21 11:48:12,Temperatura,23.86484128846842
226,06/02/21 11:48:13,Temperatura,32.022802707214105
227,06/02/21 11:48:14,Temperatura,37.80001244318503
228,06/02/21 11:48:15,Temperatura,30.047004913720087
229,06/02/21 11:48:16,Temperatura,32.890105756691035
230,06/02/21 11:48:17,Temperatura,32.72689454569482
231,06/02/21 11:48:18,Temperatura,32.63137511911458
232,06/02/21 11:48:19,Temperatura,30.63905024643382
233,06/02/21 11:48:20,Temperatura,26.450231422867002
234,06/02/21 11:48:21,Temperatura,36.2032217943461
235,06/02/21 11:48:22,Temperatura,31.989588160527333
236,06/02/21 11:48:23,Temperatura,26.97309022369812
237,06/02/21 11:48:24,Temperatura,28.54737875416409
238,06/02/21 11:48:25,Temperatura,29.127764798756797
239,06/02/21 11:48:26,Temperatura,30.089672599683006
240,06/02/21 11:48:27,Temperatura,18.327179252262322
241,06/02/21 11:48:28,Temperatura,32.4362798058547
242,06/02/21 11:48:29,Temperatura,22.259319842721116
243,06/02/21 11:48:30,Temperatura,38.88566702068444
244,06/02/21 11:48:31,Temperatura,30.73885038340809
245,06/02/21 11:48:32,Temperatura,33.08175987915148
246,06/02/21 11:48:33,Temperatura,29.843306358988098
247,06/02/21 11:48:34,Temperatura,32.14253877839038
248,06/02/21 11:48:35,Temperatura,20.30989900971391
249,06/02/21 11:48:36,Temperatura,25.68540278948964
250,06/02/21 11:48:38,Temperatura,26.712750126805215
251,06/02/21 11:48:39,Temperatura,32.539552154918894
252,06/02/21 11:48:40,Temperatura,36.88521622972952
253,06/02/21 11:48:41,Temperatura,28.735563291014458
254,06/02/21 11:48:42,Temperatura,32.947782411500825
255,06/02/21 11:48:43,Temperatura,33.34230845139104
256,06/02/21 11:48:44,Temperatura,34.98529087066662
257,06/02/21 11:48:45,Temperatura,22.098649593058497
258,06/02/21 11:48:46,Temperatura,20.828673618005713
259,06/02/21 11:48:47,Temperatura,26.239545644798795
260,06/02/21 11:48:48,Temperatura,32.13185083530705
261,06/02/21 11:48:49,Temperatura,47.17050120816621
262,06/02/21 11:48:50,Temperatura,33.129210226127654
263,06/02/21 11:48:51,Temperatura,29.952850491820186
264,06/02/21 11:48:52,Temperatura,27.8969499075913
265,06/02/21 11:48:53,Temperatura,41.10041278577232
266,06/02/21 11:48:54,Temperatura,31.09403165728623
267,06/02/21 11:48:55,Temperatura,34.98381645200771
268,06/02/21 11:48:56,Temperatura,32.60498839114042
269,06/02/21 11:48:57,Temperatura,23.9168667273248
270,06/02/21 11:48:58,Temperatura,29.054714312658838
271,06/02/21 11:48:59,Temperatura,29.339274122376867
272,06/02/21 11:49:00,Temperatura,25.070223465997728
273,06/02/21 11:49:01,Temperatura,31.568046189528403
274,06/02/21 11:49:02,Temperatura,29.074704454408803
275,06/02/21 11:49:03,Temperatura,27.36424317124628
276,06/02/21 11:49:04,Temperatura,31.896899217451146
277,06/02/21 11:49:05,Temperatura,35.6269818400356
278,06/02/21 11:49:06,Temperatura,36.473176950039374
279,06/02/21 11:49:07,Temperatura,31.270364497006668
280,06/02/21 11:49:08,Temperatura,26.548658554533397
281,06/02/21 11:49:09,Temperatura,29.944503672574267
282,06/02/21 11:49:10,Temperatura,27.629063691684966
283,06/02/21 11:49:11,Temperatura,36.4502507239925
284,06/02/21 11:49:12,Temperatura,30.650906775351643
285,06/02/21 11:49:13,Temperatura,39.489007117585864
286,06/02/21 11:49:14,Temperatura,19.8221293252451
287,06/02/21 11:49:16,Temperatura,32.42226120450519
288,06/02/21 11:49:17,Temperatura,23.63328456140541
289,06/02/21 11:49:18,Temperatura,35.511802500676374
290,06/02/21 11:49:19,Temperatura,35.705719761985165
291,06/02/21 11:49:20,Temperatura,30.93348163754553
292,06/02/21 11:49:21,Temperatura,29.95936091251744
293,06/02/21 11:49:22,Temperatura,24.030191896248894
294,06/02/21 11:49:23,Temperatura,31.529634467374898
295,06/02/21 11:49:24,Temperatura,33.34542961934531
296,06/02/21 11:49:25,Temperatura,36.85632022054041
297,06/02/21 11:49:26,Temperatura,28.960876540236697
298,06/02/21 11:49:27,Temperatura,26.499138468672637
299,06/02/21 11:49:28,Temperatura,25.43374263914421
300,06/02/21 11:49:29,Temperatura,32.491555724121184
301,06/02/21 11:49:30,Temperatura,29.969254178664446
302,06/02/21 11:49:31,Temperatura,32.66740434883616
303,06/02/21 11:49:32,Temperatura,31.121931022511657
304,06/02/21 11:49:33,Temperatura,35.920032562246504
305,06/02/21 11:49:34,Temperatura,24.35369245176595
306,06/02/21 11:49:35,Temperatura,29.182386086726602
307,06/02/21 11:49:36,Temperatura,33.96837436264999
308,06/02/21 11:49:37,Temperatura,31.52679490582006
309,06/02/21 11:49:38,Temperatura,33.55098156209764
310,06/02/21 11:49:39,Temperatura,32.2413129732063
311,06/02/21 11:49:40,Temperatura,31.73505910472253
312,06/02/21 11:49:41,Temperatura,25.39543200270134
313,06/02/21 11:49:42,Temperatura,31.65898797882411
314,06/02/21 11:49:43,Temperatura,25.991562532893568
315,06/02/21 11:49:44,Temperatura,22.235428703806164
316,06/02/21 11:49:45,Temperatura,27.010731494781087
317,06/02/21 11:49:46,Temperatura,25.249202134242964
318,06/02/21 11:49:47,Temperatura,25.7655671510311
319,06/02/21 11:49:49,Temperatura,29.80875799611311
320,06/02/21 11:49:50,Temperatura,28.458955324369846
321,06/02/21 11:49:51,Temperatura,30.302384643693138
322,06/02/21 11:49:52,Temperatura,29.35197667913472
323,06/02/21 11:49:53,Temperatura,34.8611100163195
324,06/02/21 11:49:54,Temperatura,34.16222642795055
325,06/02/21 11:49:55,Temperatura,30.95239728177166
326,06/02/21 11:49:56,Temperatura,27.38829327142828
327,06/02/21 11:49:57,Temperatura,26.09504850605992
328,06/02/21 11:49:58,Temperatura,28.82745433768384
329,06/02/21 11:49:59,Temperatura,31.153355883277534
330,06/02/21 11:50:00,Temperatura,32.51038781932676
331,06/02/21 11:50:01,Temperatura,26.898191671590347
332,06/02/21 11:50:02,Temperatura,26.954617007357236
333,06/02/21 11:50:03,Temperatura,31.091270297273223
334,06/02/21 11:50:04,Temperatura,33.74410272897823
335,06/02/21 11:50:05,Temperatura,26.206440427975423
336,06/02/21 11:50:06,Temperatura,29.09786454009304
337,06/02/21 11:50:07,Temperatura,33.81816869248837
338,06/02/21 11:50:08,Temperatura,25.6932013261103
339,06/02/21 11:50:09,Temperatura,24.11391014748327
340,06/02/21 11:50:10,Temperatura,32.69773776636354
341,06/02/21 11:50:11,Temperatura,32.125995458054796
342,06/02/21 11:50:12,Temperatura,33.16911330717887
343,06/02/21 11:50:13,Temperatura,29.085119588506828
344,06/02/21 11:50:15,Temperatura,30.71387415074116
345,06/02/21 11:50:16,Temperatura,23.857437141482443
346,06/02/21 11:50:17,Temperatura,34.30057465036648
347,06/02/21 11:50:18,Temperatura,29.216571832751235
348,06/02/21 11:50:19,Temperatura,24.562207466100354
349,06/02/21 11:50:20,Temperatura,20.25115198445878
350,06/02/21 11:50:21,Temperatura,39.97061507877457
351,06/02/21 11:50:22,Temperatura,23.954905822602086
352,06/02/21 11:50:23,Temperatura,30.820323707553698
353,06/02/21 11:50:24,Temperatura,29.076833764116287
354,06/02/21 11:50:25,Temperatura,25.892550973456373
355,06/02/21 11:50:26,Temperatura,27.104698735789718
356,06/02/21 11:50:27,Temperatura,26.060334944820212
357,06/02/21 11:50:28,Temperatura,21.179884673836135
358,06/02/21 11:50:29,Temperatura,18.66362097738278
359,06/02/21 11:50:30,Temperatura,32.30699020631972
360,06/02/21 11:50:31,Temperatura,33.09765916073694
361,06/02/21 11:50:32,Temperatura,28.139474049288566
362,06/02/21 11:50:33,Temperatura,28.246300641853082
363,06/02/21 11:50:34,Temperatura,27.68894372429714
364,06/02/21 11:50:35,Temperatura,26.275359117951787
365,06/02/21 11:50:36,Temperatura,24.417659672192265
366,06/02/21 11:50:37,Temperatura,22.61224858576359
367,06/02/21 11:50:38,Temperatura,35.2955606734845
368,06/02/21 11:50:39,Temperatura,32.040825502470234
369,06/02/21 11:50:40,Temperatura,26.182579342709136
370,06/02/21 11:50:41,Temperatura,35.06712879173767
371,06/02/21 11:50:43,Temperatura,24.475424728070237
372,06/02/21 11:50:44,Temperatura,27.37440945711883
373,06/02/21 11:50:45,Temperatura,30.400232920741963
374,06/02/21 11:50:46,Temperatura,32.52787162422243
375,06/02/21 11:50:47,Temperatura,23.15862016362268
376,06/02/21 11:50:48,Temperatura,27.59580999918868
377,06/02/21 11:50:49,Temperatura,34.50334443913967
378,06/02/21 11:50:50,Temperatura,31.086024217697553
379,06/02/21 11:50:51,Temperatura,33.59516298074407
380,06/02/21 11:50:52,Temperatura,38.745889255066764
381,06/02/21 11:50:53,Temperatura,34.17181507507025
382,06/02/21 11:50:54,Temperatura,33.37175437078668
383,06/02/21 11:50:55,Temperatura,22.759373712560194
384,06/02/21 11:50:56,Temperatura,28.33219350278091
385,06/02/21 11:50:57,Temperatura,29.64786506594759
386,06/02/21 11:50:58,Temperatura,29.653654786207433
387,06/02/21 11:50:59,Temperatura,31.275952683400646
388,06/02/21 11:51:00,Temperatura,25.675508647612375
389,06/02/21 11:51:01,Temperatura,37.75143476343887
390,06/02/21 11:51:02,Temperatura,36.168683278403684
391,06/02/21 11:51:03,Temperatura,21.664127118206117
392,06/02/21 11:51:04,Temperatura,29.116817186589344
393,06/02/21 11:51:05,Temperatura,28.178996838167055
394,06/02/21 11:51:06,Temperatura,30.817009822131485
395,06/02/21 11:51:07,Temperatura,27.51792430514839
396,06/02/21 11:51:08,Temperatura,30.602926221537178
397,06/02/21 11:51:09,Temperatura,33.874922397436514
398,06/02/21 11:51:10,Temperatura,31.638284101808576
399,06/02/21 11:51:11,Temperatura,23.97084308801927
400,06/02/21 11:51:13,Temperatura,30.068689380625578
401,06/02/21 11:51:14,Temperatura,35.4141853131506
402,06/02/21 11:51:15,Temperatura,34.474607283774795
403,06/02/21 11:51:16,Temperatura,27.255105207854427
404,06/02/21 11:51:17,Temperatura,33.630154938949914
405,06/02/21 11:51:18,Temperatura,31.990899046003825
406,06/02/21 11:51:19,Temperatura,33.65471092490846
407,06/02/21 11:51:20,Temperatura,25.579829514492744
408,06/02/21 11:51:21,Temperatura,24.138742646603973
409,06/02/21 11:51:22,Temperatura,26.690347475217433
410,06/02/21 11:51:23,Temperatura,19.480270645953055
411,06/02/21 11:51:24,Temperatura,26.773597712588103
412,06/02/21 11:51:25,Temperatura,23.74669080085723
413,06/02/21 11:51:26,Temperatura,31.72535736445277
414,06/02/21 11:51:27,Temperatura,26.93620540746087
415,06/02/21 11:51:28,Temperatura,40.225153495366264
416,06/02/21 11:51:29,Temperatura,32.8847560716235
417,06/02/21 11:51:30,Temperatura,21.35942874529808
418,06/02/21 11:51:31,Temperatura,31.617471410495106
419,06/02/21 11:51:32,Temperatura,36.01125204692905
420,06/02/21 11:51:33,Temperatura,29.623818879726727
421,06/02/21 11:51:34,Temperatura,35.3571223035206
422,06/02/21 11:51:35,Temperatura,29.878820299544163
423,06/02/21 11:51:36,Temperatura,30.18874632055502
424,06/02/21 11:51:37,Temperatura,21.113004281476794
425,06/02/21 11:51:38,Temperatura,40.16008701547794
426,06/02/21 11:51:39,Temperatura,28.266632356578715
427,06/02/21 11:51:41,Temperatura,24.617033467856977
428,06/02/21 11:51:42,Temperatura,25.322147536150688
429,06/02/21 11:51:43,Temperatura,27.78624210724251
430,06/02/21 11:51:44,Temperatura,29.667065675402796
431,06/02/21 11:51:45,Temperatura,33.274854464037176
432,06/02/21 11:51:46,Temperatura,30.051391331195536
433,06/02/21 11:51:47,Temperatura,25.732472093126002
434,06/02/21 11:51:48,Temperatura,29.49458305792353
435,06/02/21 11:51:49,Temperatura,29.307514431266117
436,06/02/21 11:51:50,Temperatura,26.2167610600144
437,06/02/21 11:51:51,Temperatura,29.065796545985986
438,06/02/21 11:51:52,Temperatura,35.95686257976867
439,06/02/21 11:51:53,Temperatura,25.991134560005225
440,06/02/21 11:51:54,Temperatura,32.6946994334763
441,06/02/21 11:51:55,Temperatura,25.810034694376615
442,06/02/21 11:51:56,Temperatura,24.75960938200431
443,06/02/21 11:51:57,Temperatura,30.995791341519332
444,06/02/21 11:51:58,Temperatura,33.57290387428363
445,06/02/21 11:51:59,Temperatura,34.142924710872904
446,06/02/21 11:52:00,Temperatura,32.53573758445891
447,06/02/21 11:52:01,Temperatura,39.742587931835686
448,06/02/21 11:52:02,Temperatura,38.06662969598432
449,06/02/21 11:52:03,Temperatura,34.33844709379577
450,06/02/21 11:52:04,Temperatura,28.969787463704648
451,06/02/21 11:52:05,Temperatura,34.24169652846026
452,06/02/21 11:52:06,Temperatura,26.071094344806664
453,06/02/21 11:52:07,Temperatura,26.25129436395609
454,06/02/21 11:52:08,Temperatura,30.05664517352911
455,06/02/21 11:52:09,Temperatura,32.1816424718737
456,06/02/21 11:52:11,Temperatura,17.517655478712317
457,06/02/21 11:52:12,Temperatura,35.3723252374779
458,06/02/21 11:52:13,Temperatura,21.339736758025488
459,06/02/21 11:52:14,Temperatura,29.979609620424245
460,06/02/21 11:52:15,Temperatura,38.58275695975129
461,06/02/21 11:52:16,Temperatura,30.428069635927894
462,06/02/21 11:52:17,Temperatura,29.503388329825604
463,06/02/21 11:52:18,Temperatura,35.33903430964972
464,06/02/21 11:52:19,Temperatura,22.382822758371184
465,06/02/21 11:52:20,Temperatura,33.23901823836846
466,06/02/21 11:52:21,Temperatura,33.91303936703537
467,06/02/21 11:52:22,Temperatura,30.64491598440106
468,06/02/21 11:52:23,Temperatura,33.47371304812352
469,06/02/21 11:52:24,Temperatura,24.901612049692837
470,06/02/21 11:52:25,Temperatura,30.643046512300952
471,06/02/21 11:52:26,Temperatura,30.85171777086944
472,06/02/21 11:52:27,Temperatura,32.140518720229025
473,06/02/21 11:52:28,Temperatura,28.23448281522527
474,06/02/21 11:52:29,Temperatura,30.3383447596234
475,06/02/21 11:52:30,Temperatura,32.65215969681204
476,06/02/21 11:52:31,Temperatura,25.867976712973455
477,06/02/21 11:52:32,Temperatura,31.45875524727004
478,06/02/21 11:52:33,Temperatura,27.325190938659695
479,06/02/21 11:52:34,Temperatura,35.7507653674151
480,06/02/21 11:52:35,Temperatura,22.276599057817897
481,06/02/21 11:52:36,Temperatura,37.371635050026896
482,06/02/21 11:52:37,Temperatura,33.31664767753449
483,06/02/21 11:52:38,Temperatura,24.383912963448676
484,06/02/21 11:52:39,Temperatura,26.573722145173765
485,06/02/21 11:52:40,Temperatura,29.91233934669735
486,06/02/21 11:52:41,Temperatura,24.415018323319774
487,06/02/21 11:52:42,Temperatura,18.555376365622283
488,06/02/21 11:52:43,Temperatura,31.39887142138101
489,06/02/21 11:52:44,Temperatura,28.984813318362615
490,06/02/21 11:52:45,Temperatura,26.633008785222483
491,06/02/21 11:52:47,Temperatura,31.902747244203784
492,06/02/21 11:52:48,Temperatura,28.77758735271271
493,06/02/21 11:52:49,Temperatura,34.969552430086004
494,06/02/21 11:52:50,Temperatura,21.384081825256672
495,06/02/21 11:52:51,Temperatura,27.833387847858162
496,06/02/21 11:52:52,Temperatura,27.461065048960172
497,06/02/21 11:52:53,Temperatura,27.111713109806388
498,06/02/21 11:52:54,Temperatura,31.103619749894918
499,06/02/21 11:52:55,Temperatura,30.307658440727288
500,06/02/21 11:52:56,Temperatura,30.56243477523978
501,06/02/21 11:52:57,Temperatura,34.384725202582175
502,06/02/21 11:52:58,Temperatura,22.796936601452604
503,06/02/21 11:52:59,Temperatura,30.356713565829022
504,06/02/21 11:53:00,Temperatura,30.142968592585195
505,06/02/21 11:53:01,Temperatura,25.642368916250952
506,06/02/21 11:53:02,Temperatura,24.96174184978668
507,06/02/21 11:53:03,Temperatura,30.74476454535104
508,06/02/21 11:53:04,Temperatura,28.44522498051235
509,06/02/21 11:53:05,Temperatura,33.87281690464172
510,06/02/21 11:53:06,Temperatura,31.44685558010307
511,06/02/21 11:53:07,Temperatura,28.863916354723603
512,06/02/21 11:53:08,Temperatura,29.058761775609256
513,06/02/21 11:53:09,Temperatura,29.781019130969323
514,06/02/21 11:53:10,Temperatura,25.59262832116499
515,06/02/21 11:53:11,Temperatura,31.549621422696084
516,06/02/21 11:53:12,Temperatura,35.11179457848929
517,06/02/21 11:53:13,Temperatura,28.61317508085279
518,06/02/21 11:53:14,Temperatura,32.011521946949784
519,06/02/21 11:53:15,Temperatura,32.621375074765965
520,06/02/21 11:53:16,Temperatura,30.902920084614614
521,06/02/21 11:53:17,Temperatura,25.775215972220405
522,06/02/21 11:53:19,Temperatura,31.986517234210858
523,06/02/21 11:53:20,Temperatura,36.16553647862131
524,06/02/21 11:53:21,Temperatura,26.66269747268781
525,06/02/21 11:53:22,Temperatura,25.799567907981885
526,06/02/21 11:53:23,Temperatura,27.64753900329416
527,06/02/21 11:53:24,Temperatura,26.537077797914893
528,06/02/21 11:53:25,Temperatura,25.350741996981704
529,06/02/21 11:53:26,Temperatura,35.562590165378
530,06/02/21 11:53:27,Temperatura,32.119733973526195
531,06/02/21 11:53:28,Temperatura,35.893444985856554
532,06/02/21 11:53:29,Temperatura,41.70962299288719
533,06/02/21 11:53:30,Temperatura,36.830080974713596
534,06/02/21 11:53:31,Temperatura,28.964323363547027
535,06/02/21 11:53:32,Temperatura,17.768084472399835
536,06/02/21 11:53:33,Temperatura,38.275165623807574
537,06/02/21 11:53:34,Temperatura,31.397519916686033
538,06/02/21 11:53:35,Temperatura,31.437121902236353
539,06/02/21 11:53:36,Temperatura,26.631246182999757
540,06/02/21 11:53:37,Temperatura,26.893587729018396
541,06/02/21 11:53:38,Temperatura,31.56456695676485
542,06/02/21 11:53:39,Temperatura,35.484984039407166
543,06/02/21 11:53:40,Temperatura,26.3032351173632
544,06/02/21 11:53:41,Temperatura,27.15401149405038
545,06/02/21 11:53:42,Temperatura,24.598496323988847
546,06/02/21 11:53:43,Temperatura,29.779702133749492
547,06/02/21 11:53:44,Temperatura,19.98556958397347
548,06/02/21 11:53:45,Temperatura,21.98293644893223
549,06/02/21 11:53:46,Temperatura,25.498319941279128
550,06/02/21 11:53:47,Temperatura,31.06308564897222
551,06/02/21 11:53:48,Temperatura,34.22906092606544
552,06/02/21 11:53:50,Temperatura,22.990017932946344
553,06/02/21 11:53:51,Temperatura,25.625126771322485
554,06/02/21 11:53:52,Temperatura,27.308511478116543
555,06/02/21 11:53:53,Temperatura,23.157756964963337
556,06/02/21 11:53:54,Temperatura,20.34579617504982
557,06/02/21 11:53:55,Temperatura,29.579844350757128
558,06/02/21 11:53:56,Temperatura,30.127220718185598
559,06/02/21 11:53:57,Temperatura,31.256790870109935
560,06/02/21 11:53:58,Temperatura,25.30730369418891
561,06/02/21 11:53:59,Temperatura,36.636301298251674
562,06/02/21 11:54:00,Temperatura,38.831175902454824
563,06/02/21 11:54:01,Temperatura,37.08615925802472
564,06/02/21 11:54:02,Temperatura,21.95311101453538
565,06/02/21 11:54:03,Temperatura,28.2081837671302
566,06/02/21 11:54:04,Temperatura,28.85909439879309
567,06/02/21 11:54:05,Temperatura,31.435852563770208
568,06/02/21 11:54:06,Temperatura,32.59342739894412
569,06/02/21 11:54:07,Temperatura,34.17677623584949
570,06/02/21 11:54:08,Temperatura,33.2331985457595
571,06/02/21 11:54:09,Temperatura,37.46423315161422
572,06/02/21 11:54:10,Temperatura,31.36403317633862
573,06/02/21 11:54:11,Temperatura,32.49776638782089
574,06/02/21 11:54:12,Temperatura,34.67253532231321
575,06/02/21 11:54:13,Temperatura,32.93975127236308
576,06/02/21 11:54:14,Temperatura,25.733300775950894
577,06/02/21 11:54:15,Temperatura,35.927281439478335
578,06/02/21 11:54:16,Temperatura,33.12980565032598
579,06/02/21 11:54:17,Temperatura,28.891132083257606
580,06/02/21 11:54:18,Temperatura,35.94561839046991
581,06/02/21 11:54:20,Temperatura,30.64888615131248
582,06/02/21 11:54:21,Temperatura,34.07269251793548
583,06/02/21 11:54:22,Temperatura,25.63945208795229
584,06/02/21 11:54:23,Temperatura,23.709303521205236
585,06/02/21 11:54:24,Temperatura,26.809824672380948
586,06/02/21 11:54:25,Temperatura,27.878963296712158
587,06/02/21 11:54:26,Temperatura,25.831108398373793
588,06/02/21 11:54:27,Temperatura,29.426110260579122
589,06/02/21 11:54:28,Temperatura,33.427810393400456
590,06/02/21 11:54:29,Temperatura,28.687466077598586
591,06/02/21 11:54:30,Temperatura,27.502772044035396
592,06/02/21 11:54:31,Temperatura,32.564468325832294
593,06/02/21 11:54:32,Temperatura,25.291052688208516
594,06/02/21 11:54:33,Temperatura,37.279516014575876
595,06/02/21 11:54:34,Temperatura,21.146630769663407
596,06/02/21 11:54:35,Temperatura,26.119900911321196
597,06/02/21 11:54:36,Temperatura,28.955457106901715
598,06/02/21 11:54:37,Temperatura,35.36689110090815
599,06/02/21 11:54:38,Temperatura,30.03944160237644
600,06/02/21 11:54:39,Temperatura,40.16814449982125
601,06/02/21 11:54:40,Temperatura,37.54533078441185
602,06/02/21 11:54:41,Temperatura,30.781825621646767
603,06/02/21 11:54:42,Temperatura,32.836113283497085
604,06/02/21 11:54:43,Temperatura,34.686789332048946
605,06/02/21 11:54:44,Temperatura,28.46030444655445
606,06/02/21 11:54:45,Temperatura,34.504819466235446
607,06/02/21 11:54:46,Temperatura,23.113462740984154
608,06/02/21 11:54:47,Temperatura,41.548007183429256
609,06/02/21 11:54:48,Temperatura,26.71053182465281
610,06/02/21 11:54:49,Temperatura,25.313591183783572
611,06/02/21 11:54:50,Temperatura,31.2277134057589
612,06/02/21 11:54:52,Temperatura,28.654685606699708
613,06/02/21 11:54:53,Temperatura,30.058031427764824
614,06/02/21 11:54:54,Temperatura,32.729967607166536
615,06/02/21 11:54:55,Temperatura,25.91093308276583
616,06/02/21 11:54:56,Temperatura,37.89377034267543
617,06/02/21 11:54:57,Temperatura,33.934527877176876
618,06/02/21 11:54:58,Temperatura,31.331663516022083
619,06/02/21 11:54:59,Temperatura,33.66725412387479
620,06/02/21 11:55:00,Temperatura,33.722966639777326
621,06/02/21 11:55:01,Temperatura,28.381525131103814
622,06/02/21 11:55:02,Temperatura,30.68105374337204
623,06/02/21 11:55:03,Temperatura,21.600411649343368
624,06/02/21 11:55:04,Temperatura,23.561240605602862
625,06/02/21 11:55:05,Temperatura,25.135525425022173
626,06/02/21 11:55:06,Temperatura,25.0807641417873
627,06/02/21 11:55:07,Temperatura,29.81513420592703
628,06/02/21 11:55:08,Temperatura,35.8554832703808
629,06/02/21 11:55:09,Temperatura,25.70959169886467
630,06/02/21 11:55:10,Temperatura,28.880179362614058
631,06/02/21 11:55:11,Temperatura,26.437650573747135
632,06/02/21 11:55:12,Temperatura,35.83962395499752
633,06/02/21 11:55:13,Temperatura,32.878153281957296
634,06/02/21 11:55:14,Temperatura,31.168051447494623
635,06/02/21 11:55:15,Temperatura,39.73208165988119
636,06/02/21 11:55:17,Temperatura,19.65964475332315
637,06/02/21 11:55:18,Temperatura,26.908902450214164
638,06/02/21 11:55:19,Temperatura,31.20850077130675
639,06/02/21 11:55:20,Temperatura,30.651156826863016
640,06/02/21 11:55:21,Temperatura,28.64714576216272
641,06/02/21 11:55:22,Temperatura,26.61768805131345
642,06/02/21 11:55:23,Temperatura,28.496606554990112
643,06/02/21 11:55:24,Temperatura,33.287835175174486
644,06/02/21 11:55:25,Temperatura,27.470268423080935
645,06/02/21 11:55:26,Temperatura,31.572138903773627
646,06/02/21 11:55:27,Temperatura,25.895143916939993
647,06/02/21 11:55:28,Temperatura,21.13530598067706
648,06/02/21 11:55:29,Temperatura,31.264932108219398
649,06/02/21 11:55:30,Temperatura,30.676052671554313
650,06/02/21 11:55:31,Temperatura,36.19885856388124
651,06/02/21 11:55:32,Temperatura,26.096612211141892
652,06/02/21 11:55:33,Temperatura,21.253883218170046
653,06/02/21 11:55:34,Temperatura,25.547039417505058
654,06/02/21 11:55:35,Temperatura,31.30469608962693
655,06/02/21 11:55:36,Temperatura,29.092424334459917
656,06/02/21 11:55:37,Temperatura,25.282403642807886
657,06/02/21 11:55:38,Temperatura,27.81828708038651
658,06/02/21 11:55:39,Temperatura,25.56287120141981
659,06/02/21 11:55:40,Temperatura,27.126265502253904
660,06/02/21 11:55:41,Temperatura,32.423952760337976
661,06/02/21 11:55:43,Temperatura,43.125517770190584
662,06/02/21 11:55:44,Temperatura,29.91291227365759
663,06/02/21 11:55:45,Temperatura,32.9849648411488
664,06/02/21 11:55:46,Temperatura,25.4598275782946
665,06/02/21 11:55:47,Temperatura,22.199160729630666
666,06/02/21 11:55:48,Temperatura,33.83696905120838
667,06/02/21 11:55:49,Temperatura,25.88461778400388
668,06/02/21 11:55:50,Temperatura,33.77791236541603
669,06/02/21 11:55:51,Temperatura,28.772121563968184
670,06/02/21 11:55:52,Temperatura,33.279231978348726
671,06/02/21 11:55:53,Temperatura,32.19302058311971
672,06/02/21 11:55:54,Temperatura,40.94489387891968
673,06/02/21 11:55:55,Temperatura,24.368672568698326
674,06/02/21 11:55:56,Temperatura,28.043788672766496
675,06/02/21 11:55:57,Temperatura,25.34927573079047
676,06/02/21 11:55:58,Temperatura,36.841700841695605
677,06/02/21 11:55:59,Temperatura,25.567074965553086
678,06/02/21 11:56:00,Temperatura,20.369997396852614
679,06/02/21 11:56:01,Temperatura,27.50794438230893
680,06/02/21 11:56:02,Temperatura,27.011505734383203
681,06/02/21 11:56:03,Temperatura,40.45852243578656
682,06/02/21 11:56:04,Temperatura,29.67810790579183
683,06/02/21 11:56:05,Temperatura,24.22427886338417
684,06/02/21 11:56:06,Temperatura,26.02339579868219
685,06/02/21 11:56:07,Temperatura,27.87137725666508
686,06/02/21 11:56:08,Temperatura,28.769011409843984
687,06/02/21 11:56:10,Temperatura,27.94006883276017
688,06/02/21 11:56:11,Temperatura,22.49360534898303
689,06/02/21 11:56:12,Temperatura,28.129531853382783
690,06/02/21 11:56:13,Temperatura,27.876097040454454
691,06/02/21 11:56:14,Temperatura,24.58331470919386
692,06/02/21 11:56:15,Temperatura,32.122382678159674
693,06/02/21 11:56:16,Temperatura,22.814120499637255
694,06/02/21 11:56:17,Temperatura,33.88740990608826
695,06/02/21 11:56:18,Temperatura,22.15537458473941
696,06/02/21 11:56:19,Temperatura,25.43204174371345
697,06/02/21 11:56:20,Temperatura,31.028625356354887
698,06/02/21 11:56:21,Temperatura,31.606298618305313
699,06/02/21 11:56:22,Temperatura,26.568970519128392
700,06/02/21 11:56:23,Temperatura,35.216390568573715
701,06/02/21 11:56:24,Temperatura,28.1112603590695
702,06/02/21 11:56:25,Temperatura,33.57617188937116
703,06/02/21 11:56:26,Temperatura,26.0055005846927
704,06/02/21 11:56:27,Temperatura,32.14536239575511
705,06/02/21 11:56:28,Temperatura,33.66509048884047
706,06/02/21 11:56:29,Temperatura,19.870187314953014
707,06/02/21 11:56:30,Temperatura,25.348938582695396
708,06/02/21 11:56:31,Temperatura,29.704155713782765
709,06/02/21 11:56:32,Temperatura,27.208724775034664
710,06/02/21 11:56:33,Temperatura,25.163850294009674
711,06/02/21 11:56:35,Temperatura,34.116304668905684
712,06/02/21 11:56:36,Temperatura,36.99763434277543
713,06/02/21 11:56:37,Temperatura,28.589433670937787
714,06/02/21 11:56:38,Temperatura,32.61228599814602
715,06/02/21 11:56:39,Temperatura,25.234733412318803
716,06/02/21 11:56:40,Temperatura,34.328374467768775
717,06/02/21 11:56:41,Temperatura,19.262259468166146
718,06/02/21 11:56:42,Temperatura,35.741794642321445
719,06/02/21 11:56:43,Temperatura,33.405303113282095
720,06/02/21 11:56:44,Temperatura,21.68391649852118
721,06/02/21 11:56:45,Temperatura,31.422844396856988
722,06/02/21 11:56:46,Temperatura,23.60495178995057
723,06/02/21 11:56:47,Temperatura,33.4665694775928
724,06/02/21 11:56:48,Temperatura,28.817695342107516
725,06/02/21 11:56:49,Temperatura,36.14778952966607
726,06/02/21 11:56:50,Temperatura,28.551288078081487
727,06/02/21 11:56:51,Temperatura,28.93811545590216
728,06/02/21 11:56:52,Temperatura,36.67280386150079
729,06/02/21 11:56:53,Temperatura,32.01224479804034
730,06/02/21 11:56:54,Temperatura,37.14016302578363
731,06/02/21 11:56:55,Temperatura,38.454024063285495
732,06/02/21 11:56:56,Temperatura,23.97694924537158
733,06/02/21 11:56:57,Temperatura,28.35715015261614
734,06/02/21 11:56:58,Temperatura,27.539469486480893
735,06/02/21 11:56:59,Temperatura,35.14148723792894
736,06/02/21 11:57:00,Temperatura,32.283575047635935
737,06/02/21 11:57:01,Temperatura,26.44390096274121
738,06/02/21 11:57:02,Temperatura,27.0592547039143
739,06/02/21 11:57:04,Temperatura,34.18684950330721
740,06/02/21 11:57:05,Temperatura,33.10455631881013
741,06/02/21 11:57:06,Temperatura,30.97898492863203
742,06/02/21 11:57:07,Temperatura,35.547620025042995
743,06/02/21 11:57:08,Temperatura,30.214291288237817
744,06/02/21 11:57:09,Temperatura,30.804974933085653
745,06/02/21 11:57:10,Temperatura,25.95502971406652
746,06/02/21 11:57:11,Temperatura,32.849898800216856
747,06/02/21 11:57:12,Temperatura,34.515019389643435
748,06/02/21 11:57:13,Temperatura,30.88505458119989
749,06/02/21 11:57:14,Temperatura,37.11823230823723
750,06/02/21 11:57:15,Temperatura,34.49213805230648
751,06/02/21 11:57:16,Temperatura,28.587773602180288
752,06/02/21 11:57:17,Temperatura,33.68425712945841
753,06/02/21 11:57:18,Temperatura,32.227890404417316
754,06/02/21 11:57:19,Temperatura,30.224208856156757
755,06/02/21 11:57:20,Temperatura,36.7402398500762
756,06/02/21 11:57:21,Temperatura,19.149679612089994
757,06/02/21 11:57:22,Temperatura,32.170913500986295
758,06/02/21 11:57:23,Temperatura,26.888449688819655
759,06/02/21 11:57:24,Temperatura,39.1372859831545
760,06/02/21 11:57:25,Temperatura,31.96472289012488
761,06/02/21 11:57:26,Temperatura,18.507135090893325
762,06/02/21 11:57:27,Temperatura,32.74673098264289
763,06/02/21 11:57:28,Temperatura,21.292888010349827
764,06/02/21 11:57:29,Temperatura,35.45630905707023
765,06/02/21 11:57:30,Temperatura,30.946825609051285
766,06/02/21 11:57:31,Temperatura,26.902338470118934
767,06/02/21 11:57:32,Temperatura,26.402141533023812
768,06/02/21 11:57:34,Temperatura,32.99324642683227
769,06/02/21 11:57:35,Temperatura,36.00043054061143
770,06/02/21 11:57:36,Temperatura,29.25155944913968
771,06/02/21 11:57:37,Temperatura,37.26855973507654
772,06/02/21 11:57:38,Temperatura,31.994406908237575
773,06/02/21 11:57:39,Temperatura,26.66592040997154
774,06/02/21 11:57:40,Temperatura,23.45519396190717
775,06/02/21 11:57:41,Temperatura,33.449294827518834
776,06/02/21 11:57:42,Temperatura,26.427290375584867
777,06/02/21 11:57:43,Temperatura,41.12453853623371
778,06/02/21 11:57:44,Temperatura,24.82796547326943
779,06/02/21 11:57:45,Temperatura,29.211933943808663
780,06/02/21 11:57:46,Temperatura,33.46148714775288
781,06/02/21 11:57:47,Temperatura,34.09195603510726
782,06/02/21 11:57:48,Temperatura,25.333050274818092
783,06/02/21 11:57:49,Temperatura,22.37044959861275
784,06/02/21 11:57:50,Temperatura,37.727532880933175
785,06/02/21 11:57:51,Temperatura,21.232066577640346
786,06/02/21 11:57:52,Temperatura,34.66039014613087
787,06/02/21 11:57:53,Temperatura,32.090659162273454
788,06/02/21 11:57:54,Temperatura,25.413289739664044
789,06/02/21 11:57:55,Temperatura,27.174325131172232
790,06/02/21 11:57:57,Temperatura,34.422932118803516
791,06/02/21 11:57:58,Temperatura,32.1495827691283
792,06/02/21 11:57:59,Temperatura,23.7934470023821
793,06/02/21 11:58:00,Temperatura,28.990176165689153
794,06/02/21 11:58:01,Temperatura,28.49735550024157
795,06/02/21 11:58:02,Temperatura,24.33106057094868
796,06/02/21 11:58:03,Temperatura,24.087081405434063
797,06/02/21 11:58:04,Temperatura,35.41813318034551
798,06/02/21 11:58:05,Temperatura,26.985455247466458
799,06/02/21 11:58:06,Temperatura,31.20255231919496
800,06/02/21 11:58:07,Temperatura,26.724936529442232
801,06/02/21 11:58:08,Temperatura,35.23645381572024
802,06/02/21 11:58:09,Temperatura,30.886241014536765
803,06/02/21 11:58:10,Temperatura,33.72170526165844
804,06/02/21 11:58:11,Temperatura,27.075768950195016
805,06/02/21 11:58:12,Temperatura,31.287224596800087
806,06/02/21 11:58:13,Temperatura,32.24825839109801
807,06/02/21 11:58:14,Temperatura,24.383569089680066
808,06/02/21 11:58:15,Temperatura,37.68281330100997
809,06/02/21 11:58:16,Temperatura,28.99608027119924
810,06/02/21 11:58:17,Temperatura,27.11705304347452
811,06/02/21 11:58:18,Temperatura,24.17144551466069
812,06/02/21 11:58:19,Temperatura,36.70852043068546
813,06/02/21 11:58:20,Temperatura,34.277714748109325
814,06/02/21 11:58:21,Temperatura,20.92590755510198
815,06/02/21 11:58:22,Temperatura,33.00822975130398
816,06/02/21 11:58:23,Temperatura,32.64895016174682
817,06/02/21 11:58:24,Temperatura,29.93636141676904
818,06/02/21 11:58:26,Temperatura,35.70906457812599
819,06/02/21 11:58:27,Temperatura,29.556818712121974
820,06/02/21 11:58:28,Temperatura,27.264480878371142
821,06/02/21 11:58:29,Temperatura,32.30418396783382
822,06/02/21 11:58:30,Temperatura,29.333806893507088
823,06/02/21 11:58:31,Temperatura,31.74866820582794
824,06/02/21 11:58:32,Temperatura,30.973921779748053
825,06/02/21 11:58:33,Temperatura,26.579058141402086
826,06/02/21 11:58:34,Temperatura,22.96809932230797
827,06/02/21 11:58:35,Temperatura,31.435639007560653
828,06/02/21 11:58:36,Temperatura,31.684762426218203
829,06/02/21 11:58:37,Temperatura,22.34216083134405
830,06/02/21 11:58:38,Temperatura,21.62642864397252
831,06/02/21 11:58:39,Temperatura,35.619351538144905
832,06/02/21 11:58:40,Temperatura,30.256126480638326
833,06/02/21 11:58:41,Temperatura,31.975222598409378
834,06/02/21 11:58:42,Temperatura,37.36165690286194
835,06/02/21 11:58:43,Temperatura,35.1304398012508
836,06/02/21 11:58:44,Temperatura,37.40301255944455
837,06/02/21 11:58:45,Temperatura,25.19897850357988
838,06/02/21 11:58:46,Temperatura,30.256363564999855
839,06/02/21 11:58:47,Temperatura,31.541375043131016
840,06/02/21 11:58:49,Temperatura,36.14708003245663
841,06/02/21 11:58:50,Temperatura,43.86863242595223
842,06/02/21 11:58:51,Temperatura,25.972214085676455
843,06/02/21 11:58:52,Temperatura,25.11703913885687
844,06/02/21 11:58:53,Temperatura,27.95433850832581
845,06/02/21 11:58:54,Temperatura,32.69497587059247
846,06/02/21 11:58:55,Temperatura,32.50689528444889
847,06/02/21 11:58:56,Temperatura,32.89243750820551
848,06/02/21 11:58:57,Temperatura,34.33985411384968
849,06/02/21 11:58:58,Temperatura,26.61575713886835
850,06/02/21 11:58:59,Temperatura,28.28491257048378
851,06/02/21 11:59:00,Temperatura,33.47367793932
852,06/02/21 11:59:01,Temperatura,26.418880851284204
853,06/02/21 11:59:02,Temperatura,27.62091766788792
854,06/02/21 11:59:03,Temperatura,34.13519468933295
855,06/02/21 11:59:04,Temperatura,38.236246232440244
856,06/02/21 11:59:05,Temperatura,39.51262167560603
857,06/02/21 11:59:06,Temperatura,29.258212737166183
858,06/02/21 11:59:07,Temperatura,33.36310723027624
859,06/02/21 11:59:08,Temperatura,33.169343049819666
860,06/02/21 11:59:09,Temperatura,29.204470991148742
861,06/02/21 11:59:10,Temperatura,29.13465497092669
862,06/02/21 11:59:11,Temperatura,24.99224041419125
863,06/02/21 11:59:12,Temperatura,25.985762316785966
864,06/02/21 11:59:14,Temperatura,37.00988795797858
865,06/02/21 11:59:15,Temperatura,26.00404043884496
866,06/02/21 11:59:16,Temperatura,37.03462106428594
867,06/02/21 11:59:17,Temperatura,31.10042372995441
868,06/02/21 11:59:18,Temperatura,23.754610846940874
869,06/02/21 11:59:19,Temperatura,28.42478587931469
870,06/02/21 11:59:20,Temperatura,32.225660585954245
871,06/02/21 11:59:21,Temperatura,28.235742681752505
872,06/02/21 11:59:22,Temperatura,25.268266972497482
873,06/02/21 11:59:23,Temperatura,34.6471339162002
874,06/02/21 11:59:24,Temperatura,32.444202571773026
875,06/02/21 11:59:25,Temperatura,22.036035632321713
876,06/02/21 11:59:26,Temperatura,29.235530503465558
877,06/02/21 11:59:27,Temperatura,29.696766889325534
878,06/02/21 11:59:28,Temperatura,26.13309659887007
879,06/02/21 11:59:29,Temperatura,24.723555759636604
880,06/02/21 11:59:30,Temperatura,35.7616571037514
881,06/02/21 11:59:31,Temperatura,27.705273687734405
882,06/02/21 11:59:32,Temperatura,27.514655738070783
883,06/02/21 11:59:33,Temperatura,25.48796534953392
884,06/02/21 11:59:34,Temperatura,26.26628404887097
885,06/02/21 11:59:35,Temperatura,33.53934046916737
886,06/02/21 11:59:36,Temperatura,33.50324355364618
887,06/02/21 11:59:38,Temperatura,24.829900995412274
888,06/02/21 11:59:39,Temperatura,37.10117811321497
889,06/02/21 11:59:40,Temperatura,31.34403887789043
890,06/02/21 11:59:41,Temperatura,31.08800372824363
891,06/02/21 11:59:42,Temperatura,26.01804365876595
892,06/02/21 11:59:43,Temperatura,38.26197513907317
893,06/02/21 11:59:44,Temperatura,18.94871699969954
894,06/02/21 11:59:45,Temperatura,24.33064094648344
895,06/02/21 11:59:46,Temperatura,30.353086954041714
896,06/02/21 11:59:47,Temperatura,33.58817497978404
897,06/02/21 11:59:48,Temperatura,33.1730121429544
898,06/02/21 11:59:49,Temperatura,36.28465077056811
899,06/02/21 11:59:50,Temperatura,30.618776700322833
900,06/02/21 11:59:51,Temperatura,15.877511720107215
901,06/02/21 11:59:52,Temperatura,22.077598697052004
902,06/02/21 11:59:53,Temperatura,20.420132146276963
903,06/02/21 11:59:54,Temperatura,36.487473342507435
904,06/02/21 11:59:55,Temperatura,27.158005965852574
905,06/02/21 11:59:56,Temperatura,23.559287785160816
906,06/02/21 11:59:57,Temperatura,35.557657096067324
907,06/02/21 11:59:59,Temperatura,37.32466883093999
908,06/02/21 12:00:00,Temperatura,33.26636721804808
909,06/02/21 12:00:01,Temperatura,29.365683369444998
910,06/02/21 12:00:02,Temperatura,25.58873374354392
911,06/02/21 12:00:03,Temperatura,33.54940952977873
912,06/02/21 12:00:04,Temperatura,29.403209869563902
913,06/02/21 12:00:05,Temperatura,23.11179119363999
914,06/02/21 12:00:06,Temperatura,39.54617291118663
915,06/02/21 12:00:07,Temperatura,34.23302753305059
916,06/02/21 12:00:08,Temperatura,24.804838468445944
917,06/02/21 12:00:09,Temperatura,40.595151099584406
918,06/02/21 12:00:10,Temperatura,31.287579393101673
919,06/02/21 12:00:11,Temperatura,28.500746234941676
920,06/02/21 12:00:12,Temperatura,18.619426982336545
921,06/02/21 12:00:13,Temperatura,29.07686788262589
922,06/02/21 12:00:14,Temperatura,38.22904379471341
923,06/02/21 12:00:15,Temperatura,24.835262283468182
924,06/02/21 12:00:16,Temperatura,17.677477029842684
925,06/02/21 12:00:17,Temperatura,18.897203541278085
926,06/02/21 12:00:18,Temperatura,23.24081538948708
927,06/02/21 12:00:19,Temperatura,28.458422975517543
928,06/02/21 12:00:20,Temperatura,28.02882327660327
929,06/02/21 12:00:21,Temperatura,31.49348253587762
930,06/02/21 12:00:22,Temperatura,30.883601066770805
931,06/02/21 12:00:23,Temperatura,31.353476279948723
932,06/02/21 12:00:25,Temperatura,27.950920262877588
933,06/02/21 12:00:26,Temperatura,31.08736000696026
934,06/02/21 12:00:27,Temperatura,28.69871126423347
935,06/02/21 12:00:28,Temperatura,37.14564366003011
936,06/02/21 12:00:29,Temperatura,23.515438597415702
937,06/02/21 12:00:30,Temperatura,21.458489543701866
938,06/02/21 12:00:31,Temperatura,28.192873079444887
939,06/02/21 12:00:32,Temperatura,28.210303824825562
940,06/02/21 12:00:33,Temperatura,30.860722880813782
941,06/02/21 12:00:34,Temperatura,32.25575719575103
942,06/02/21 12:00:35,Temperatura,28.308238201397202
943,06/02/21 12:00:36,Temperatura,24.764715752297946
944,06/02/21 12:00:37,Temperatura,27.63329243870537
945,06/02/21 12:00:38,Temperatura,28.54072367182892
946,06/02/21 12:00:39,Temperatura,30.873901136530293
947,06/02/21 12:00:40,Temperatura,29.648003567467693
948,06/02/21 12:00:41,Temperatura,29.27781586382169
949,06/02/21 12:00:42,Temperatura,32.025060029003626
950,06/02/21 12:00:43,Temperatura,34.26571777651178
951,06/02/21 12:00:44,Temperatura,36.43213905015221
952,06/02/21 12:00:45,Temperatura,29.58060128511799
953,06/02/21 12:00:46,Temperatura,27.767247230151785
954,06/02/21 12:00:47,Temperatura,34.34434646227277
955,06/02/21 12:00:48,Temperatura,28.835819841021895
956,06/02/21 12:00:49,Temperatura,26.197489754200735
957,06/02/21 12:00:51,Temperatura,36.961437787694216
958,06/02/21 12:00:52,Temperatura,24.697189574540445
959,06/02/21 12:00:53,Temperatura,40.66536220947448
960,06/02/21 12:00:54,Temperatura,36.613583344659645
961,06/02/21 12:00:55,Temperatura,24.94263577967179
962,06/02/21 12:00:56,Temperatura,31.092798985927665
963,06/02/21 12:00:57,Temperatura,25.695297799849
964,06/02/21 12:00:58,Temperatura,29.192197972839647
965,06/02/21 12:00:59,Temperatura,30.523667375427298
966,06/02/21 12:01:00,Temperatura,29.925049175888038
967,06/02/21 12:01:01,Temperatura,25.31767573373002
968,06/02/21 12:01:02,Temperatura,27.637016704229293
969,06/02/21 12:01:03,Temperatura,28.850691202940943
970,06/02/21 12:01:04,Temperatura,31.725015525547906
971,06/02/21 12:01:05,Temperatura,29.677864793829528
972,06/02/21 12:01:06,Temperatura,28.573425729479332
973,06/02/21 12:01:07,Temperatura,29.816231549767497
974,06/02/21 12:01:08,Temperatura,28.678321882802706
975,06/02/21 12:01:09,Temperatura,31.451763728730143
976,06/02/21 12:01:10,Temperatura,34.29489572290885
977,06/02/21 12:01:11,Temperatura,32.75044341151761
978,06/02/21 12:01:12,Temperatura,25.464939192587657
979,06/02/21 12:01:13,Temperatura,26.90761415712029
980,06/02/21 12:01:14,Temperatura,30.252564996383597
981,06/02/21 12:01:15,Temperatura,26.774977586803114
982,06/02/21 12:01:16,Temperatura,27.5383243054647
983,06/02/21 12:01:17,Temperatura,28.58473745197185
984,06/02/21 12:01:18,Temperatura,31.584392055776824
985,06/02/21 12:01:19,Temperatura,31.133634168877386
986,06/02/21 12:01:21,Temperatura,25.771646601847873
987,06/02/21 12:01:22,Temperatura,33.04165561770619
988,06/02/21 12:01:23,Temperatura,33.66583823687864
989,06/02/21 12:01:24,Temperatura,25.12574563354756
990,06/02/21 12:01:25,Temperatura,31.470071915404954
991,06/02/21 12:01:26,Temperatura,29.993151819087018
992,06/02/21 12:01:27,Temperatura,35.866228267761365
993,06/02/21 12:01:28,Temperatura,20.438225283678968
994,06/02/21 12:01:29,Temperatura,39.19656702321699
995,06/02/21 12:01:30,Temperatura,30.250238907627057
996,06/02/21 12:01:31,Temperatura,33.447876489682635
997,06/02/21 12:01:32,Temperatura,27.27099063021065
998,06/02/21 12:01:33,Temperatura,34.573726612117795
999,06/02/21 12:01:34,Temperatura,36.83639499339462
